feature,importance
has_salary,0.25068389057750756
has_urgency,0.23429617041719644
excessive_exclamation,0.2252313569996857
no_email,0.17493738277049367
has_fee,0.06210739614994937
text_length,0.03332652549771268
has_whatsapp,0.019417277587454592
